Word,Pronunciation,Meaning,Description,ExampleSentence
meticulous,/məˈtɪkjələs/,"Tỉ mỉ, cẩn thận",Showing great attention to detail,She is meticulous about her research notes.
ambiguous,/æmˈbɪɡjuəs/,"Mơ hồ, không rõ ràng",Open to more than one interpretation,The contract wording is ambiguous.
coherent,/koʊˈhɪrənt/,"Mạch lạc, logic",Logical and consistent,He presented a coherent argument.
feasible,/ˈfiːzəbl/,Khả thi,Possible and practical to do,The plan is feasible within our budget.
inevitable,/ɪnˈevɪtəbl/,Không thể tránh,Certain to happen,Change is inevitable in any industry.
scrutinize,/ˈskruːtənaɪz/,Xem xét kỹ,Examine closely and critically,Auditors scrutinize financial records.
substantial,/səbˈstænʃl/,Đáng kể,Of considerable importance or size,They made substantial progress.
undermine,/ˌʌndərˈmaɪn/,Làm suy yếu,Weaken gradually,Rumors can undermine public trust.
viable,/ˈvaɪəbl/,Khả thi (sống),Capable of working successfully,Solar power is a viable alternative.
widespread,/ˈwaɪdspred/,Phổ biến rộng,Found over a large area,There is widespread support for reform.
